data/threads/0/29QhMIKLywimmqcoYmQ88u_17.json,Contentful::Management::Conflict,"{
  ""sys"": {
    ""type"": ""Error"",
    ""id"": ""VersionMismatch""
  },
  ""requestId"": ""content-api:4sPcbBiOiQOWssk2uY4YOy""
}
"
data/threads/0/29QhMIKLywimmqcoYmQ88u_18.json,Contentful::Management::Conflict,"{
  ""sys"": {
    ""type"": ""Error"",
    ""id"": ""VersionMismatch""
  },
  ""requestId"": ""content-api:3iFCruX0u4uca2qIOKEA2q""
}
"
data/threads/0/29QhMIKLywimmqcoYmQ88u_19.json,Contentful::Management::Conflict,"{
  ""sys"": {
    ""type"": ""Error"",
    ""id"": ""VersionMismatch""
  },
  ""requestId"": ""content-api:1CwcMwzVMsgi04kcOE24Q0""
}
"
data/threads/0/29QhMIKLywimmqcoYmQ88u_2.json,Contentful::Management::Conflict,"{
  ""sys"": {
    ""type"": ""Error"",
    ""id"": ""VersionMismatch""
  },
  ""requestId"": ""content-api:27ZN1uKA3uKiOCE0aqGkM0""
}
"
data/threads/0/29QhMIKLywimmqcoYmQ88u_20.json,Contentful::Management::Conflict,"{
  ""sys"": {
    ""type"": ""Error"",
    ""id"": ""VersionMismatch""
  },
  ""requestId"": ""content-api:3FPXvDTrHGMkOgEiGgMIag""
}
"
data/threads/0/29QhMIKLywimmqcoYmQ88u_21.json,Contentful::Management::Conflict,"{
  ""sys"": {
    ""type"": ""Error"",
    ""id"": ""VersionMismatch""
  },
  ""requestId"": ""content-api:6PgQwXGyw8G0eO6Ec64mQC""
}
"
data/threads/0/29QhMIKLywimmqcoYmQ88u_22.json,Contentful::Management::Conflict,"{
  ""sys"": {
    ""type"": ""Error"",
    ""id"": ""VersionMismatch""
  },
  ""requestId"": ""content-api:30H6QuZDrqG0sOweYIOqOW""
}
"
data/threads/0/29QhMIKLywimmqcoYmQ88u_23.json,Contentful::Management::Conflict,"{
  ""sys"": {
    ""type"": ""Error"",
    ""id"": ""VersionMismatch""
  },
  ""requestId"": ""content-api:6wFsAO0hgcAicmyEog4wiC""
}
"
data/threads/0/29QhMIKLywimmqcoYmQ88u_24.json,Contentful::Management::Conflict,"{
  ""sys"": {
    ""type"": ""Error"",
    ""id"": ""VersionMismatch""
  },
  ""requestId"": ""content-api:1tkBVYdNCk86QKqIOeGUaE""
}
"
data/threads/0/29QhMIKLywimmqcoYmQ88u_25.json,Contentful::Management::Conflict,"{
  ""sys"": {
    ""type"": ""Error"",
    ""id"": ""VersionMismatch""
  },
  ""requestId"": ""content-api:3UWE7ZnzG0uWeqOewMcCmK""
}
"
data/threads/0/29QhMIKLywimmqcoYmQ88u_26.json,Contentful::Management::Conflict,"{
  ""sys"": {
    ""type"": ""Error"",
    ""id"": ""VersionMismatch""
  },
  ""requestId"": ""content-api:2MMTGigYvCGk2GMEiW86uY""
}
"
data/threads/0/29QhMIKLywimmqcoYmQ88u_27.json,Contentful::Management::Conflict,"{
  ""sys"": {
    ""type"": ""Error"",
    ""id"": ""VersionMismatch""
  },
  ""requestId"": ""content-api:2Rc52bGBdKkgkY24606KOA""
}
"
data/threads/0/29QhMIKLywimmqcoYmQ88u_28.json,Contentful::Management::Conflict,"{
  ""sys"": {
    ""type"": ""Error"",
    ""id"": ""VersionMismatch""
  },
  ""requestId"": ""content-api:6vpw9vtt04eS4WAc82WOUy""
}
"
data/threads/0/29QhMIKLywimmqcoYmQ88u_29.json,Contentful::Management::Conflict,"{
  ""sys"": {
    ""type"": ""Error"",
    ""id"": ""VersionMismatch""
  },
  ""requestId"": ""content-api:35Y5zYmHbiQOYSKi8iakwS""
}
"
data/threads/0/29QhMIKLywimmqcoYmQ88u_3.json,Contentful::Management::Conflict,"{
  ""sys"": {
    ""type"": ""Error"",
    ""id"": ""VersionMismatch""
  },
  ""requestId"": ""content-api:3N7U7gyRMcw4iMuEAGi6Sk""
}
"
data/threads/0/29QhMIKLywimmqcoYmQ88u_30.json,Contentful::Management::Conflict,"{
  ""sys"": {
    ""type"": ""Error"",
    ""id"": ""VersionMismatch""
  },
  ""requestId"": ""content-api:3UKsq3ghu0KU0gEo8OYaec""
}
"
data/threads/0/29QhMIKLywimmqcoYmQ88u_31.json,Contentful::Management::Conflict,"{
  ""sys"": {
    ""type"": ""Error"",
    ""id"": ""VersionMismatch""
  },
  ""requestId"": ""content-api:5B5OSZQlNeqiOUOu0akOAO""
}
"
data/threads/0/29QhMIKLywimmqcoYmQ88u_32.json,Contentful::Management::Conflict,"{
  ""sys"": {
    ""type"": ""Error"",
    ""id"": ""VersionMismatch""
  },
  ""requestId"": ""content-api:5q2rrPGNY4EYgOcIQ2MuUk""
}
"
data/threads/0/29QhMIKLywimmqcoYmQ88u_33.json,Contentful::Management::Conflict,"{
  ""sys"": {
    ""type"": ""Error"",
    ""id"": ""VersionMismatch""
  },
  ""requestId"": ""content-api:7jqofldZgA00SKGgUeECsE""
}
"
data/threads/0/29QhMIKLywimmqcoYmQ88u_34.json,Contentful::Management::Conflict,"{
  ""sys"": {
    ""type"": ""Error"",
    ""id"": ""VersionMismatch""
  },
  ""requestId"": ""content-api:5M6Mq4mKVqu80O6a6cGcWM""
}
"
data/threads/0/29QhMIKLywimmqcoYmQ88u_35.json,Contentful::Management::Conflict,"{
  ""sys"": {
    ""type"": ""Error"",
    ""id"": ""VersionMismatch""
  },
  ""requestId"": ""content-api:1J2TyaRHV6K2AmUWEMIO8i""
}
"
data/threads/0/29QhMIKLywimmqcoYmQ88u_36.json,Contentful::Management::Conflict,"{
  ""sys"": {
    ""type"": ""Error"",
    ""id"": ""VersionMismatch""
  },
  ""requestId"": ""content-api:4w6mUqQJZKii0Gooc4EmWy""
}
"
data/threads/0/29QhMIKLywimmqcoYmQ88u_37.json,Contentful::Management::Conflict,"{
  ""sys"": {
    ""type"": ""Error"",
    ""id"": ""VersionMismatch""
  },
  ""requestId"": ""content-api:6tBdlQT6UgQUqKsiyaoe8O""
}
"
data/threads/0/29QhMIKLywimmqcoYmQ88u_38.json,Contentful::Management::Conflict,"{
  ""sys"": {
    ""type"": ""Error"",
    ""id"": ""VersionMismatch""
  },
  ""requestId"": ""content-api:243cLTmuqw4q8uWesW4IWg""
}
"
data/threads/0/29QhMIKLywimmqcoYmQ88u_39.json,Contentful::Management::Conflict,"{
  ""sys"": {
    ""type"": ""Error"",
    ""id"": ""VersionMismatch""
  },
  ""requestId"": ""content-api:4yqVlT4EGccMCCe0M8UWCw""
}
"
data/threads/0/29QhMIKLywimmqcoYmQ88u_4.json,Contentful::Management::Conflict,"{
  ""sys"": {
    ""type"": ""Error"",
    ""id"": ""VersionMismatch""
  },
  ""requestId"": ""content-api:59KiuzVzhK0U826QuAyKoE""
}
"
data/threads/0/29QhMIKLywimmqcoYmQ88u_40.json,Contentful::Management::Conflict,"{
  ""sys"": {
    ""type"": ""Error"",
    ""id"": ""VersionMismatch""
  },
  ""requestId"": ""content-api:3nIX6m6cU0u8aiUmKkSiY8""
}
"
data/threads/0/29QhMIKLywimmqcoYmQ88u_5.json,Contentful::Management::Conflict,"{
  ""sys"": {
    ""type"": ""Error"",
    ""id"": ""VersionMismatch""
  },
  ""requestId"": ""content-api:2IsaiT2A6AcCO2mouqYGO0""
}
"
data/threads/0/29QhMIKLywimmqcoYmQ88u_6.json,Contentful::Management::Conflict,"{
  ""sys"": {
    ""type"": ""Error"",
    ""id"": ""VersionMismatch""
  },
  ""requestId"": ""content-api:3enMHQYpKEyuOAcki2owQs""
}
"
data/threads/0/29QhMIKLywimmqcoYmQ88u_7.json,Contentful::Management::Conflict,"{
  ""sys"": {
    ""type"": ""Error"",
    ""id"": ""VersionMismatch""
  },
  ""requestId"": ""content-api:18PDNkaVMGWwCk844OgEMw""
}
"
data/threads/0/29QhMIKLywimmqcoYmQ88u_8.json,Contentful::Management::Conflict,"{
  ""sys"": {
    ""type"": ""Error"",
    ""id"": ""VersionMismatch""
  },
  ""requestId"": ""content-api:16NO9lnA760EeicMU20sog""
}
"
data/threads/0/29QhMIKLywimmqcoYmQ88u_9.json,Contentful::Management::Conflict,"{
  ""sys"": {
    ""type"": ""Error"",
    ""id"": ""VersionMismatch""
  },
  ""requestId"": ""content-api:7lZ1DFQVvqAAKmS0WGMQeM""
}
"
data/threads/0/4cEvdDPmooOGUOSAwwQIwA_1.json,Contentful::Management::Conflict,"{
  ""sys"": {
    ""type"": ""Error"",
    ""id"": ""VersionMismatch""
  },
  ""requestId"": ""content-api:WVNFVgeL6wosIY2A2aUso""
}
"
data/threads/0/4cEvdDPmooOGUOSAwwQIwA_2.json,Contentful::Management::Conflict,"{
  ""sys"": {
    ""type"": ""Error"",
    ""id"": ""VersionMismatch""
  },
  ""requestId"": ""content-api:2z8vGO63XqY6MgQYSI2Imm""
}
"
data/threads/0/4cEvdDPmooOGUOSAwwQIwA_3.json,Contentful::Management::Conflict,"{
  ""sys"": {
    ""type"": ""Error"",
    ""id"": ""VersionMismatch""
  },
  ""requestId"": ""content-api:pUIOcmughMse006044mac""
}
"
data/threads/0/4cEvdDPmooOGUOSAwwQIwA_4.json,Contentful::Management::Conflict,"{
  ""sys"": {
    ""type"": ""Error"",
    ""id"": ""VersionMismatch""
  },
  ""requestId"": ""content-api:5ZlkPIqxywKygiWA4A0MOO""
}
"
data/threads/0/4G0Sbln7byU0mSyESw2E0I_1.json,Contentful::Management::Conflict,"{
  ""sys"": {
    ""type"": ""Error"",
    ""id"": ""VersionMismatch""
  },
  ""requestId"": ""content-api:3qKahGUkekgCowy2aCOwUa""
}
"
data/threads/0/4G0Sbln7byU0mSyESw2E0I_10.json,Contentful::Management::Conflict,"{
  ""sys"": {
    ""type"": ""Error"",
    ""id"": ""VersionMismatch""
  },
  ""requestId"": ""content-api:lMHXlVis2OCmkSIY22WyY""
}
"
data/threads/0/4G0Sbln7byU0mSyESw2E0I_11.json,Contentful::Management::Conflict,"{
  ""sys"": {
    ""type"": ""Error"",
    ""id"": ""VersionMismatch""
  },
  ""requestId"": ""content-api:4Z4L2Sl3m8Uo04aoisECAG""
}
"
data/threads/0/4G0Sbln7byU0mSyESw2E0I_12.json,Contentful::Management::Conflict,"{
  ""sys"": {
    ""type"": ""Error"",
    ""id"": ""VersionMismatch""
  },
  ""requestId"": ""content-api:sG0giHM17qqc2ySWkcQwy""
}
"
data/threads/0/4G0Sbln7byU0mSyESw2E0I_2.json,Contentful::Management::Conflict,"{
  ""sys"": {
    ""type"": ""Error"",
    ""id"": ""VersionMismatch""
  },
  ""requestId"": ""content-api:3fl34vt4rY6q2Ie80uMco0""
}
"
data/threads/0/4G0Sbln7byU0mSyESw2E0I_3.json,Contentful::Management::Conflict,"{
  ""sys"": {
    ""type"": ""Error"",
    ""id"": ""VersionMismatch""
  },
  ""requestId"": ""content-api:48Rm1crf2UGkwMyoEqUaWI""
}
"
data/threads/0/4G0Sbln7byU0mSyESw2E0I_4.json,Contentful::Management::Conflict,"{
  ""sys"": {
    ""type"": ""Error"",
    ""id"": ""VersionMismatch""
  },
  ""requestId"": ""content-api:56msHcTG4wmyi4KIGkK2uU""
}
"
data/threads/0/4G0Sbln7byU0mSyESw2E0I_5.json,Contentful::Management::Conflict,"{
  ""sys"": {
    ""type"": ""Error"",
    ""id"": ""VersionMismatch""
  },
  ""requestId"": ""content-api:2EJstblSo8MmOQWgm2mIw0""
}
"
data/threads/0/4G0Sbln7byU0mSyESw2E0I_6.json,Contentful::Management::Conflict,"{
  ""sys"": {
    ""type"": ""Error"",
    ""id"": ""VersionMismatch""
  },
  ""requestId"": ""content-api:10EsQkFi1wYSSaIa4OwAWG""
}
"
data/threads/0/4G0Sbln7byU0mSyESw2E0I_7.json,Contentful::Management::Conflict,"{
  ""sys"": {
    ""type"": ""Error"",
    ""id"": ""VersionMismatch""
  },
  ""requestId"": ""content-api:5yoDxOGQuIqWasAOmyqCM2""
}
"
data/threads/0/4G0Sbln7byU0mSyESw2E0I_8.json,Contentful::Management::Conflict,"{
  ""sys"": {
    ""type"": ""Error"",
    ""id"": ""VersionMismatch""
  },
  ""requestId"": ""content-api:3YR41aAVPy486CKakg6UuS""
}
"
data/threads/0/4G0Sbln7byU0mSyESw2E0I_9.json,Contentful::Management::Conflict,"{
  ""sys"": {
    ""type"": ""Error"",
    ""id"": ""VersionMismatch""
  },
  ""requestId"": ""content-api:1NLJwjiBNCKUiUOqKOGqYU""
}
"
data/threads/0/5EQ8hTcdVe0C0OayyGcQ0E_215.json,Contentful::Management::Conflict,"{
  ""sys"": {
    ""type"": ""Error"",
    ""id"": ""VersionMismatch""
  },
  ""requestId"": ""content-api:z5EmlZxj9uOQewWIK4sC0""
}
"
data/threads/0/5EQ8hTcdVe0C0OayyGcQ0E_220.json,Contentful::Management::Conflict,"{
  ""sys"": {
    ""type"": ""Error"",
    ""id"": ""VersionMismatch""
  },
  ""requestId"": ""content-api:4irKNry6ysuCGm44EYWGsS""
}
"
data/threads/0/5EQ8hTcdVe0C0OayyGcQ0E_221.json,Contentful::Management::Conflict,"{
  ""sys"": {
    ""type"": ""Error"",
    ""id"": ""VersionMismatch""
  },
  ""requestId"": ""content-api:7l47eVPPY4AYqO6OkAA4oU""
}
"
data/threads/0/5EQ8hTcdVe0C0OayyGcQ0E_222.json,Contentful::Management::Conflict,"{
  ""sys"": {
    ""type"": ""Error"",
    ""id"": ""VersionMismatch""
  },
  ""requestId"": ""content-api:HWoi954demwEWCeMA28ga""
}
"
data/threads/0/5EQ8hTcdVe0C0OayyGcQ0E_223.json,Contentful::Management::Conflict,"{
  ""sys"": {
    ""type"": ""Error"",
    ""id"": ""VersionMismatch""
  },
  ""requestId"": ""content-api:4kwOfOs5yg4WQEQoMmiWQs""
}
"
data/threads/0/5EQ8hTcdVe0C0OayyGcQ0E_224.json,Contentful::Management::Conflict,"{
  ""sys"": {
    ""type"": ""Error"",
    ""id"": ""VersionMismatch""
  },
  ""requestId"": ""content-api:7eNmPdFTgWeUyeyW6WoI6S""
}
"
data/threads/0/5EQ8hTcdVe0C0OayyGcQ0E_226.json,Contentful::Management::Conflict,"{
  ""sys"": {
    ""type"": ""Error"",
    ""id"": ""VersionMismatch""
  },
  ""requestId"": ""content-api:6Zv8ktSQA8G6egK8ewkmUg""
}
"
data/threads/0/5EQ8hTcdVe0C0OayyGcQ0E_227.json,Contentful::Management::Conflict,"{
  ""sys"": {
    ""type"": ""Error"",
    ""id"": ""VersionMismatch""
  },
  ""requestId"": ""content-api:5ihcat9MYg2mEimKoYmaw2""
}
"
data/threads/0/5EQ8hTcdVe0C0OayyGcQ0E_228.json,Contentful::Management::Conflict,"{
  ""sys"": {
    ""type"": ""Error"",
    ""id"": ""VersionMismatch""
  },
  ""requestId"": ""content-api:4tAVoKU7vqMq0uuAeyQSIo""
}
"
data/threads/0/5EQ8hTcdVe0C0OayyGcQ0E_229.json,Contentful::Management::Conflict,"{
  ""sys"": {
    ""type"": ""Error"",
    ""id"": ""VersionMismatch""
  },
  ""requestId"": ""content-api:5lGlDaE6goIyqSiq0EEce8""
}
"
data/threads/0/5EQ8hTcdVe0C0OayyGcQ0E_230.json,Contentful::Management::Conflict,"{
  ""sys"": {
    ""type"": ""Error"",
    ""id"": ""VersionMismatch""
  },
  ""requestId"": ""content-api:D5je9UsD8Ou4UqE6SC8SU""
}
"
data/threads/0/5EQ8hTcdVe0C0OayyGcQ0E_231.json,Contentful::Management::Conflict,"{
  ""sys"": {
    ""type"": ""Error"",
    ""id"": ""VersionMismatch""
  },
  ""requestId"": ""content-api:fchL0Roa5iOqI6OOKoAQO""
}
"
data/threads/0/5EQ8hTcdVe0C0OayyGcQ0E_232.json,Contentful::Management::Conflict,"{
  ""sys"": {
    ""type"": ""Error"",
    ""id"": ""VersionMismatch""
  },
  ""requestId"": ""content-api:22Uhl9L8hqwUycoGmSUiuw""
}
"
data/threads/0/5EQ8hTcdVe0C0OayyGcQ0E_233.json,Contentful::Management::Conflict,"{
  ""sys"": {
    ""type"": ""Error"",
    ""id"": ""VersionMismatch""
  },
  ""requestId"": ""content-api:Pyw6TkmiCi64ioCsa6CGw""
}
"
data/threads/0/5EQ8hTcdVe0C0OayyGcQ0E_235.json,Contentful::Management::Conflict,"{
  ""sys"": {
    ""type"": ""Error"",
    ""id"": ""VersionMismatch""
  },
  ""requestId"": ""content-api:znQqJsL528ayUAawe288Y""
}
"
data/threads/0/5EQ8hTcdVe0C0OayyGcQ0E_236.json,Contentful::Management::Conflict,"{
  ""sys"": {
    ""type"": ""Error"",
    ""id"": ""VersionMismatch""
  },
  ""requestId"": ""content-api:5z2kvevUXKQ2ai66GyAaKO""
}
"
data/threads/0/5EQ8hTcdVe0C0OayyGcQ0E_239.json,Contentful::Management::Conflict,"{
  ""sys"": {
    ""type"": ""Error"",
    ""id"": ""VersionMismatch""
  },
  ""requestId"": ""content-api:56XElKVgFW6WQoIq6meKcS""
}
"
data/threads/0/5EQ8hTcdVe0C0OayyGcQ0E_240.json,Contentful::Management::Conflict,"{
  ""sys"": {
    ""type"": ""Error"",
    ""id"": ""VersionMismatch""
  },
  ""requestId"": ""content-api:1VwTQIBLMYuMIkkAc08Oqm""
}
"
data/threads/0/5EQ8hTcdVe0C0OayyGcQ0E_241.json,Contentful::Management::Conflict,"{
  ""sys"": {
    ""type"": ""Error"",
    ""id"": ""VersionMismatch""
  },
  ""requestId"": ""content-api:1mASJMmLoMqWKQwQysYSOO""
}
"
data/threads/0/5EQ8hTcdVe0C0OayyGcQ0E_243.json,Contentful::Management::Conflict,"{
  ""sys"": {
    ""type"": ""Error"",
    ""id"": ""VersionMismatch""
  },
  ""requestId"": ""content-api:5XE810mv8kqIwgGAemYQqK""
}
"
